Username,Total Posts,Total Karma,Total Awards
TheMuyu,176,42886,0
Classic-Carpet7609,291,1589012,0
Cosmos1985,824,258265,0
ksarumaru,3,15583,0
squatmama69,1,9389,0
HentaiUwu_6969,752,570348,0
manchesterMan0098,219,279784,0
ScharmTiger,1310,866276,0
Former_Painter3289,10,11776,0
Justthisdudeyaknow,1169,2430925,0
Retrdolfrt,75,33069,0
Own_Usual_7324,51,14014,0
aeppelcyning,47,59364,0
Sleepingnakked,226,69523,0
SHINYAXOLOTL,56,10788,0
progress18,993,5148273,0
LawfulDmcBoo,258,72577,0
Sirr13,19,7428,0
ICumCoffee,797,3786929,0
sandozguineapig,1303,998020,0
skidSurya,59,77749,0
Wagamaga,1496,12908435,0
theindependentonline,1937,2854949,0
ArupDnath,108,21461,0
airmovingdevice,1,10112,0
b0sscrab,159,23299,0
sleepystarlet,21,10431,0
Pizzacakecomic,896,4069568,0
theinsaneturky2,36,11735,0
IbrahimKorkmazD,63,61355,0
Drazor9,31,90390,0
smile_after_u_sleep,332,256421,0
Bubble_Babe_0o0o0o,910,1240466,0
TheTelegraph,1933,2354863,0
Illini20,127,25271,0
SleepyGary5,831,219274,0
my-toes-taste-good,84,10030,0
diamondx911,128,39074,0
jared10011980,874,386072,0
Lunchb0xx87,59,19487,0
SelectiveSanity,739,611589,0
Majestic-Current-508,78,12644,0
Glittering_Bag_3055,1,6004,0
he6rt6gr6m,266,41268,0
VectorPryde,35,22251,0
Salvatocoli,141,77539,0
PhilosoNyan,96,34186,0
calypsovibes,22,6848,0
HelFJandinn,464,88262,0
zzill6,1037,6325498,0
